title,author,text,url,intent,priority
Protect yourselves from Credit Agencies selling your information. www.optoutprescreen.com,The_Void_calls_me,"One of the most common questions posted here is:

**Why did I get a hundred phone calls from lenders after I got pre-approved?** 

Answer:

**Because the credit agencies sold your information.** 

How do credit agencies like Experian, Equifax and Transunion make money? 

Well one route is through something referred to as ""trigger leads"". When a lender pulls your credit, they are sending a request to the credit agencies for your credit report and score. 

When the credit agency receives this request, they know you are in the market for a loan. So they sell that ""lead"" to hundreds of other lenders looking to vulture your business. The credit agencies know everything about you. Your name, your SSN, your current debts, your phone number, your email, your current and past addresses etc. And they sell all this information. 

Well wait you might say. ""Don't I want to get a quote from hundreds of lenders to find the lowest possible rate?""

Sure. If that's why they were calling you. But a large portion of these callers are not going to offer you lower rates, they're simply trying to trick you into moving your loan, especially because buying all those leads costs money. Quite a few will lie and say they work for your current lender. Some overtly, some by omitting that they are a different lender. ""Hi! I'm just reaching out to collect the loan documents for your application!""

On the positive, they'll usually stop calling within a few days, but that's still a few days and a few hundred calls more than anyone wants to receive.

Currently the only way to stop your information from being sold is to go to the official website www.optoutprescreen.com and removing yourself.",https://www.reddit.com/r/RealEstate/comments/1hao3ij/protect_yourselves_from_credit_agencies_selling/,other,ignore
"""Date the Rate"" is turning into a very long-term commitment. When will I be able to break-up with the Rate?",cnyjay,The Rate and I have been growing apart emotionally lately. And I married the House. I don't like this extracurricular romantic and financial activity.,https://www.reddit.com/r/RealEstate/comments/1ieurid/date_the_rate_is_turning_into_a_very_longterm/,other,ignore
"Paid for title insurance, attorney did not purchase, and title is not clear like the attorney thought and told us.",Vegetable_Visual7148,"The title says it all. We bought a home and also paid for title insurance. The attorney did not obtain it and we essentially bought half a home and have no insurance to remedy the situation. The attorney tells us to get the heirs to sign it over and he will pay all their judgements so the transfer can take place. They obviously have no interest doing this because who would give away 1/4 of a $260,000 house for nothing that you didn’t know you owned. The attorney argues having their judgements paid is an incentive but the combined judgments are maybe $10,000 for both heirs. They also own nothing which is why they haven’t paid their 25 year old judgments. Has anyone ever been in such a situation? We aren’t sure what to do. I am in NC where you have to have an attorney to close and suing and attorney sounds like a massive headache. ",https://www.reddit.com/r/RealEstate/comments/1ieh9ur/paid_for_title_insurance_attorney_did_not/,buying a house,high
Sellers lied about Survey.,KosmicCow9586,"We just recently went under contract for a 40acre raw parcel outside of Houston, Missouri. Our realt advised us not to send the earnest money until we have the survey sent from the sellers. Part of the contract/ disclosure was that the sellers in 2019 and 2024 they had the land surveyed. However, when they sent the survey to us, it was for the neighboring property. 

My husband called the surveyor and spoke with him. He told my husband that he did not survey the property we are under contract for and that there was no survey number for this parcel. After speaking with him, my husband called our realtor, and our realtor said he didn't want to cause any issues over something so minor. 

Is this something we could use to extend our due diligence period? We can not get a surveyor out there until after. 

We really love the land. However, now we feel like everything on the disclosure statement is a lie. 

Edit to add: Our property is surrounded by national forest on three sides, and the property connected to ours on the fourth side was the sellers, but they just sold that. 

Update: The realtor talked to his broker, he now is ready to fight on our behalf. He is giving them the option to send us the correct survey (which he doubts they have). If they fail to provide it, he will write up a new contract contingent on the survey we will have done. 

Thank you all for the helpful advice 🙏 😊 ",https://www.reddit.com/r/RealEstate/comments/1iektji/sellers_lied_about_survey/,other,ignore
Am I asking for too much in repairs?,MountOlympusForge,"We just had an appraisal done and it came in at 545,000, which was our accepted offer. We also found out during the inspection period that the roof is at the end of its life, and has resulted in a leak that has soaked drywall. Is it wrong to ask for a new roof to move forward? I’m okay dealing with the drywall repair and all the other small annoyances. New roof with solar panel removal will be just shy of 28k. Dry wall remediation and other issues will be around 10-20k. I just want feedback before we send our requests. Thank you in advance! ",https://www.reddit.com/r/RealEstate/comments/1if26n2/am_i_asking_for_too_much_in_repairs/,other,ignore
Should I sell my house?,Navdaddy915,"I'll try to keep this short. 

I bought my small 3 bed 1 bath house for $69k (nice) back in 2022. 30 year @3.75% which ive only paid the minimumand owe roughly $67k. I am military and will be going overseas for 3 years minimum and not sure if I will even return here. We have done alot to the house such as new roof, pest control and insulation, water filtration on kitchen sink, and a backyard patio and shed. Zillow estimates $97k which I assume doesn't account for home improvements? Should I keep it and rent it out or just sell it? I have someone interest in renting for 850-900/ month and my mortgage is about 500. I don't know what to do.",https://www.reddit.com/r/RealEstate/comments/1ievwxt/should_i_sell_my_house/,buying a house,high
Has anyone else noticed that homes only seem overpriced in the average price ranges?,ExpressionGeneral418,"I live in a high cost of living state, and after much research and home searching, I’ve come to the conclusion that the vast majority of homes in the $4-600,000 range are your cookie cutter, basic looking homes built 60-100 years ago that need tons of updates. 

Whereas if you get into the $1-3 million range homes seem exponentially better. Down in the lower ranges where the masses purchase is where you seem to overpay for old beater homes. Once you get past what is affordable to the masses, there’s essentially no competition and prices seem to match what you’re actually getting. ",https://www.reddit.com/r/RealEstate/comments/1ie7ywq/has_anyone_else_noticed_that_homes_only_seem/,buying a house,high
Is it typical to be told you will be getting an offer on your house by your realtor then never get one?,Shot-Pomelo8442,Our house has been on the market for almost a month and a half. We have had 3 times our relator said we were going to be getting an offer but each time fell through and we haven't received any. Is this typical?,https://www.reddit.com/r/RealEstate/comments/1ietu5d/is_it_typical_to_be_told_you_will_be_getting_an/,selling a house,medium
Doubt whether to sell now or rent,Hot-Initiative-6040,"
I started in the last year to diversify my investments by investing in real estate.

M34, I live abroad, I currently have a total assets of about 650k composed of: 207k equity ETFs, 300k real estate (market value), 42k Crypto, 12k gold ETFs, 8k bond ETFs, 25k liquidity, 50k liquidity in my company's coffers, 2-3k other

I purchased in December 2024 - after about a year and a half of research, time and attempts - an apartment in the center of a large Spanish city (Valencia). It was an opportunity, paid € 184,000, two bedrooms and with unique characteristics for the real estate market in the area, for example super bright with as many as 5 balconies.

Well, the goal was to renovate it and rent it out. In a month I renovated it (it needed a refresh, not deep work) arriving at a total investment of €222,000 and I have already rented it for €1,400/month for the next 4 months (my intention is to rent it for short periods like this).

I had it appraised by a real estate agency and they tell me that the market value to sell it is €240-250,000.

Yesterday a friend who works in the real estate market here tells me that he has a foreign investor who is looking for exactly an apartment with these characteristics and has a lot of budget. He gives him a price: €295,000. This one accepts, wants it at all costs and so I have this purchase offer in hand.

Now I have a doubt about what to do.

My goal was to buy an apartment to have an alternative income in a FIRE perspective. I could have about €1,400 per month. Which net of costs and taxes would be €1,050 per month. I live in a rental and I also liked the idea of ​​having my own property where I could eventually go and live if they increase my rent in the future.

Or I could sell for €295,000 to do a ""flipping"", realizing a capital gain of about €73,000, which net of taxes and costs would be about €55,000 net. However, if I want to reinvest them I would have to start looking for opportunities again and waste more time in a real estate market here in the area that has gone crazy (it took me a year and a half to manage to get an apartment, otherwise the opportunities fly away within 1 hour of publication)",https://www.reddit.com/r/RealEstate/comments/1if23vj/doubt_whether_to_sell_now_or_rent/,renting a property,low
Quitclaim Deed question,Competitive_Lake_614,"Hey everyone, Ill keep it short. My dad passed away and im the only person in his will to inherit everything. He got his house from his mom with a QUITCLAIM DEED in illinois and now I need to transfer it to my name. can anyone help me in what I should do? Thanks!",https://www.reddit.com/r/RealEstate/comments/1ievwwg/quitclaim_deed_question/,other,ignore
Flood history question,Ok_Equipment3952,"Bought a home last year, was told that there was not disclosure form required because it was an estate sale. Inspector noted some moisture in the basement bathroom. Seller had the plumber “replace the wax ring and snake pipes”. No mention of any previous issues. Basement flooded badly after closing in the same area. After much trial and error figured out that the exterior drain pipes were all collapsed from the underground downspouts. Had to dig up all the pipes and concrete to the street and replace. The basement had to be remediated and carpets, drywall, flooring all removed. Turns out nothing was covered by insurance. 

My insurance company told me that there had been a previous claim by the previous owners for water damage in the basement.  So this was not unknown. How could they get away with not disclosing this? ",https://www.reddit.com/r/RealEstate/comments/1if0w4v/flood_history_question/,buying a house,high
Selling land in Michigan - mineral rights?,kings-peach-1974,"I am helping my father in law sell a small piece of unimproved land in Michigan. It’s cheap, the offer is from a neighbor who wants to buy it. We received an offer letter that has a simple Yes/No question about whether oil, gas, and mineral rights are included and it is checked Yes. I’ve never seen it so explicitly stated. In Texas where I live, the sale of mineral rights is handled through an addendum.

Is this a standard question on offer letters in Michigan where the seller has to explicitly say yes or no to mineral rights are included in the sale of property?
 ",https://www.reddit.com/r/RealEstate/comments/1ievctt/selling_land_in_michigan_mineral_rights/,other,ignore
What do I do now?,FatHeadOfficial,"I have my first house paid for, livable by July at the latest. I would like to build a portfolio, if you had to start over would you run off a HELOC loan and reinvest or would you save cash and take the good buys as they come? 

",https://www.reddit.com/r/RealEstate/comments/1ieyob9/what_do_i_do_now/,buying a house,high
Update or not update?,cjasonac,"My wife and I are approaching an empty nest and considering selling our home in the next three years. We’ve lived here for 18 years, and while it’s been well-maintained, it could use several updates.

The biggest issues:

- The furnace and water heater were here when we moved in (still working but old).

- Soffit, fascia, and siding all need repair or replacement.

- Carpet, paint, drywall repairs, etc.

- One bathroom is functional but really needs work.

I can DIY some of it, but I’d rather hire professionals. Altogether, I’m estimating $40K–$50K to get the house to a “new-ish” condition.

My question: Is it worth it?

I know we could just price it lower and let buyers deal with the updates, but I don’t want these issues to scare off otherwise interested buyers. On the other hand, if we do the updates, some things (like the furnace and water heater) might still need replacing in a few years anyway.

For context, we live in a medium-demand area—not skyrocketing prices, but steady turnover due to job movement. In 18 years, we’re the third-longest residents on our block, and every other house except two has sold at least once.

If we do the updates, we’d keep them neutral and in line with mid-century ranch remodel trends—nothing flashy, just clean and modern.

Would the investment be worth it, or should we just sell as-is and adjust the price?",https://www.reddit.com/r/RealEstate/comments/1iep26y/update_or_not_update/,selling a house,medium
Has anyone used WSPR for photo to video real estate video creation?,atrajicheroine2,I usually never click on ads but I was blown away and thought it was a scam. They charge eight dollars per photo that you want to create a video with. I'm just wondering if anyone has experienced working with them or knows a better company that does the same quality that they are claiming they do?,https://www.reddit.com/r/RealEstate/comments/1iexuaf/has_anyone_used_wspr_for_photo_to_video_real/,other,ignore
Missouri exam,Similar-Rise-1038,"For the Missouri National/ State exam:

What test prep program did you use? Do you feel it was effective to help you pass the test?
Anyone use a tutor of some sort?

Ive taken the test 4 times and failed all with at least 5 points below the passing. Im not giving up but not sure what other options there are to help me pass the test before May.",https://www.reddit.com/r/RealEstate/comments/1iex2ma/missouri_exam/,other,ignore
Title problems and foreclosure 1 week before closing,CheeseHands2015,"I'm a FTHB and we have been ""penciled in"" to close next week. We just found out yesterday that the hold up is due to the seller having issues with getting the title, because of his ex wife? I'm honestly confused on the details. But I've been told that the sellers attorney has JUST requested to the court yesterday that the sale on the house still closes, and then the seller and his ex wife can figure out logistics/who gets how much money AFTER closing. This also is complicated because I also just found out yesterday that the seller hasn't been paying his mortgage, and the home is in preforeclosure! We had no idea about any of this prior to offering, or even signing the P&S agreement. Now I'm freaking out because I saw that this home that I'm supposed to close on the 7th, already has a scheduled auction for foreclosure on the 11th! 
What are the chances the court will figure out their issue/approve the sale to go through before the auction? What else can I do? I do not want to lose this house.",https://www.reddit.com/r/RealEstate/comments/1iewu0z/title_problems_and_foreclosure_1_week_before/,selling a house,medium
Lead Pipes,dgoiok,"I was about to put down a deposit for an apartment in Maryland, but I just found out that the building has lead pipes. I’ve looked online and seen mixed opinions, would really love anyone’s input! Thanks! ",https://www.reddit.com/r/RealEstate/comments/1iewmf9/lead_pipes/,renting a property,low
Is there a service that can scan my home documents?,Upstairs_Copy_9590,"I just closed on a house today 🎉 and my lovely seller gave me a binder chock full of warranty and owner’s manual information. Basically a new build binder situation. In addition to the physical binder, I would like to have a digital copy.

Does anyone know if Staples, CVS, etc offer a service to scan all the pages in this binder onto a USB drive so I don’t have to?",https://www.reddit.com/r/RealEstate/comments/1ierpiz/is_there_a_service_that_can_scan_my_home_documents/,buying a house,high
LLC DISPUTE FOR CONDO PURHASSED IN PUERTO RICO CASH AND HAS NOW BEEN SOLD WITHOUT RECEIVING MY SHARE,Straight-County7169,"ABOUT A YERAR AGO MY EX GIRLFRIEND AND I PURCHASED A CONDO CASH WIRTH HER MOTHER AND FATHER AS AN AIR BNB INVESTMENT. WE PURCHASED IT THROUGH AN LLC WHCH I AM LISTED NO BUT HER FATHER WAS THE ONKLY TOI MAKE IT THERE TO SIGN SO HE BECAME THE RESIDENT AGENT ON THE PAPER WORK. I HAVE BEEN TRYING TIO FILEA LAWSUIT BUT NEED THE OPERATING AGREEMENT THAT WAS TAKEN FRIOM MY HOUSE WHEN WE BROKE UP, AND HAVE BEEN RUNNING INTO DEAD ENDS TRYING TO GET IT ANY OTHER WAY. I NEED HELP PLEASE ANY INPUT IS APPRECIATED.",https://www.reddit.com/r/RealEstate/comments/1ievkn5/llc_dispute_for_condo_purhassed_in_puerto_rico/,other,ignore
